code,available
IN9026L01012,false
IN9155A01020,false
IN9175A01010,false
IN9397D01014,false
IN9529D01012,false
IN9564S01017,false
IN9623B01058,false
IN9936B01013,false
IN9945P01014,false
INE001A01036,true
INE001B01026,true
INE001E01012,false
INE001F01019,false
INE001O01029,false
INE002A01018,true
INE002B01016,false
INE002E01010,false
INE002L01015,true
INE002S01010,true
INE003A01024,true
INE003B01014,false
INE003F01015,false
INE004C01028,false
INE004E01016,false
INE004Z01011,false
INE005B01019,false
INE005C01017,false
INE005E01013,false
INE005G01018,false
INE005I01014,false
INE006C01015,false
INE006I01046,true
INE006Z01016,false
INE007A01025,true
INE007B01023,false
INE007C01021,false
INE008A01015,true
INE008B01013,false
INE008C01011,false
INE008Z01012,false
INE009A01021,true
INE009C01019,false
INE00CA01015,false
INE00EM01016,false
INE00FF01017,false
INE00FM01013,false
INE00HZ01011,false
INE00IN01015,false
INE00IY01012,false
INE00KV01014,false
INE00LM01011,false
INE00LO01017,false
INE00M201021,false
INE00PV01013,false
INE00Q901014,false
INE00QT01015,false
INE00R701025,true
INE00S901012,false
INE00SW01015,false
INE00SY01011,false
INE00SZ01018,false
INE00VM01010,false
INE00WC01027,false
INE00WY01013,false
INE00Y801016,false
INE010A01011,true
INE010B01027,true
INE010C01025,false
INE010J01012,true
INE010R01023,false
INE010V01017,true
INE011201014,false
INE011B01017,false
INE011D01013,false
INE011E01029,false
INE011H01014,false
INE011K01018,false
INE011R01013,false
INE012A01025,true
INE012E01035,false
INE012F01016,false
INE012Q01021,false
INE013A01015,true
INE013E01017,false
INE013J01016,false
INE014E01015,false
INE015B01018,false
INE015C01016,false
INE015D01022,false
INE015E01012,false
INE015F01019,false
INE016A01026,true
INE016C01014,false
INE016M01021,false
INE016Q01014,false
INE016X01010,false
INE017A01032,false
INE017C01012,false
INE017E01018,false
INE017I01019,false
INE017P01014,false
INE017W01010,false
INE018401013,false
INE018A01030,true
INE018E01016,false
INE018I01017,true
INE018S01016,false
INE019A01038,true
INE019B01010,false
INE019C01026,false
INE019J01013,false
INE01A501019,false
INE01B501018,false
INE01BK01022,false
INE01BL01012,false
INE01C001018,false
INE01EG01016,false
INE01GN01017,false
INE01GR01018,false
INE01GZ01011,false
INE01II01013,false
INE01IU01018,false
INE01J501010,false
INE01JE01028,false
INE01K301012,false
INE01MO01013,false
INE01NE01012,false
INE01P501012,true
INE01TL01014,false
INE020801028,false
INE020B01018,true
INE020D01014,false
INE020G01017,false
INE020J01029,false
INE020S01012,false
INE021A01026,true
INE021N01011,false
INE021O01019,false
INE022B01014,false
INE022C01012,false
INE022F01015,false
INE022I01019,false
INE022Q01020,true
INE023A01030,false
INE023H01027,true
INE023M01027,false
INE023R01018,false
INE024B01010,false
INE024F01011,false
INE024L01027,false
INE025A01027,false
INE025B01025,false
INE025R01021,false
INE026A01025,true
INE026B01049,false
INE026C01013,false
INE026D01011,false
INE026I01010,false
INE026L01022,false
INE027A01015,false
INE027D01019,false
INE027F01014,false
INE027H01010,false
INE027S01017,false
INE027T01015,false
INE028A01039,true
INE028C01027,false
INE029A01011,true
INE029B01019,false
INE029H01016,false
INE029L01018,false
INE02A801020,false
INE02AP01013,false
INE02AR01019,false
INE02BR01017,false
INE02BV01019,false
INE02C301011,false
INE02EZ01014,false
INE02GA01012,false
INE02NC01014,false
INE02PC01019,false
INE02PY01013,false
INE02WG01016,false
INE02XD01011,false
INE030A01027,true
INE030C01015,false
INE030P01017,false
INE030Q01015,false
INE030T01019,false
INE030U01025,false
INE031A01017,true
INE031B01049,true
INE031G01014,false
INE032A01023,false
INE032B01021,false
INE032E01017,false
INE032Z01012,false
INE033B01011,false
INE033C01019,false
INE033E01015,false
INE034A01011,true
INE034B01019,false
INE034D01049,false
INE034F01010,false
INE034H01016,false
INE034S01021,false
INE035401012,false
INE035D01012,false
INE035S01010,false
INE036A01016,true
INE036B01030,false
INE036D01028,true
INE037A01022,false
INE037B01012,false
INE037C01010,false
INE038A01020,true
INE038B01010,false
INE038F01029,false
INE039A01010,true
INE039B01026,false
INE039C01032,true
INE039D01014,false
INE039O01011,false
INE03JI01017,false
INE03Q201024,false
INE03QK01018,false
INE03RS01027,false
INE03V001013,false
INE03WT01017,false
INE03YM01018,false
INE040A01034,true
INE040D01038,false
INE040F01033,false
INE040H01021,true
INE040M01013,false
INE041025011,false
INE041A01016,false
INE041B01014,false
INE041F01015,false
INE042A01014,true
INE042C01010,false
INE043A01012,true
INE043B01028,false
INE043C01018,false
INE043D01016,true
INE043R01016,false
INE043U01010,false
INE043W01024,false
INE044A01036,true
INE044N01021,false
INE045601015,false
INE045A01017,false
INE045B01015,true
INE045J01026,false
INE046A01015,true
INE047A01021,true
INE047B01011,false
INE047C01019,false
INE047E01031,false
INE047O01014,false
INE048A01011,false
INE048B01027,false
INE048C01017,false
INE048G01026,true
INE049A01027,true
INE049B01025,true
INE049I01012,false
INE049R01013,false
INE04AK01028,false
INE04I401011,true
INE04LG01015,false
INE04OV01018,false
INE04ST01013,false
INE050001010,false
INE050A01025,true
INE050B01023,false
INE050E01027,false
INE050H01012,false
INE050L01048,false
INE050M01012,false
INE050N01010,false
INE051B01021,true
INE051G01012,false
INE051N01026,false
INE052001026,false
INE052A01021,true
INE052B01011,false
INE052E01015,false
INE052I01032,true
INE052T01013,false
INE052V01019,false
INE053A01029,true
INE053D01015,false
INE053F01010,false
INE054A01027,false
INE054C01015,false
INE055A01016,false
INE055C01020,false
INE055E01026,false
INE055O01033,false
INE056001014,false
INE056C01010,true
INE056E01016,false
INE056I01017,false
INE057D01016,false
INE057Q01018,false
INE058A01010,true
INE058B01018,false
INE058D01030,false
INE058F01019,false
INE058I01013,false
INE059A01026,true
INE059B01024,false
INE059D01020,false
INE059E01010,false
INE05AN01011,false
INE05BN01019,false
INE05FR01011,false
INE05KD23015,false
INE05MV01019,false
INE05QJ01015,false
INE05ST01010,false
INE060601023,false
INE060901019,false
INE060A01024,true
INE060B01014,false
INE060D01010,false
INE060E01018,false
INE060J01017,false
INE060T01024,false
INE060X01018,false
INE061A01014,false
INE061F01013,true
INE061Z01011,false
INE062A01020,true
INE062C01034,false
INE062D01024,false
INE062E01014,false
INE062Y01012,false
INE063601012,false
INE063E01046,false
INE063P01018,false
INE063Z01017,false
INE064A01026,false
INE064C01022,false
INE064H01021,false
INE064L01015,false
INE064R01012,false
INE064T01018,false
INE065B01013,false
INE065D01027,false
INE065E01017,false
INE065J01016,false
INE066A01021,false
INE066E01015,false
INE066F01012,true
INE066O01014,false
INE066P01011,true
INE067A01029,true
INE067C01025,false
INE068B01017,false
INE068C01015,false
INE068L01016,false
INE068V01023,false
INE069B01023,false
INE069I01010,true
INE06CG01019,false
INE06H201014,false
INE06LG01010,false
INE06MM01016,false
INE06TD01010,false
INE070A01015,true
INE070C01037,true
INE070D01027,false
INE070I01018,false
INE070K01014,false
INE071D01033,false
INE071E01023,false
INE071F01012,false
INE071N01016,false
INE071Y01013,false
INE072A01029,false
INE072B01027,false
INE072V01017,false
INE073A01019,false
INE073D01013,false
INE073G01016,false
INE073I01012,false
INE073K01018,false
INE073V01015,false
INE074A01025,true
INE074B01023,false
INE074C01013,false
INE074G01014,false
INE074H01012,false
INE074J01018,false
INE075A01022,true
INE075B01012,false
INE075D01018,false
INE075H01019,false
INE075I01017,true
INE075K01013,false
INE076B01028,true
INE076C01018,true
INE076D01016,false
INE077B01018,false
INE077F01035,true
INE077P01034,false
INE078D01012,false
INE078I01011,false
INE078T01026,false
INE079A01024,true
INE079C01012,false
INE079J01017,false
INE079N01019,false
INE07GA01011,false
INE07L501010,false
INE07LK01010,false
INE07MC01015,false
INE07O001018,true
INE07OG01012,false
INE07P301011,false
INE07QQ01016,false
INE07RO01027,false
INE07T201019,false
INE07Y701011,false
INE07Z523018,false
INE080A01014,true
INE080B01012,true
INE080D01042,false
INE080G01011,false
INE080I01025,false
INE081A01012,true
INE081B01010,false
INE081G01019,false
INE081R01016,false
INE082A01010,true
INE082B01018,false
INE082C01024,false
INE083A01026,true
INE083B01016,false
INE083C01022,false
INE083D01012,true
INE083E01010,false
INE083G01031,false
INE083K01017,false
INE083O01019,false
INE084A01016,true
INE084D01010,false
INE084Q01012,false
INE085A01013,false
INE085D01033,false
INE085J01014,true
INE086A01029,false
INE087A01019,false
INE087B01017,false
INE087E01011,false
INE087H01022,true
INE087Z01024,false
INE088B01015,false
INE088D01011,false
INE088G01014,false
INE088P01015,false
INE089A01023,true
INE089C01029,true
INE089T01023,false
INE08E401029,false
INE08JY01013,false
INE08KJ01012,false
INE08KP01019,false
INE08LI01020,false
INE08ZM01014,false
INE090A01021,true
INE090B01011,false
INE090D01017,false
INE091C01017,false
INE091G01018,false
INE092A01019,true
INE092B01025,false
INE092C01015,false
INE092D01013,false
INE092E01011,false
INE092H01014,false
INE092P01017,false
INE092T01019,true
INE093B01015,true
INE093G01022,false
INE093I01010,true
INE093R01011,false
INE094A01015,true
INE094B01013,false
INE094C01011,false
INE094E01017,false
INE094I01018,false
INE094J01016,false
INE094R01019,false
INE094S01041,false
INE095A01012,true
INE095B01010,false
INE095C01018,false
INE095E01022,false
INE095I01015,false
INE095N01031,true
INE095R01016,false
INE096A01010,false
INE096B01018,true
INE096I01013,false
INE096L01025,false
INE098E01018,false
INE098F01031,false
INE099D01018,false
INE099E01016,false
INE099F01013,false
INE099G01011,false
INE099J01015,false
INE099S01016,false
INE099Z01011,true
INE09E501017,false
INE09EO01013,false
INE09KD01013,false
INE09N301011,false
INE09VQ01012,false
INE0AEJ01013,false
INE0AJG01018,false
INE0ALI01010,false
INE0APB01016,false
INE0AU701018,false
INE0B1K01014,false
INE0B6101012,false
INE0B9A01018,false
INE0BDU01010,false
INE0BJS01011,false
INE0BLY01023,false
INE0BTM01013,false
INE0BV301023,false
INE0BWS23018,false
INE0BY001018,false
INE0C4I01011,false
INE0C5901014,false
INE0CCU25019,false
INE0CG601016,false
INE0CHO01012,false
INE0CJD01011,false
INE0CLI01024,false
INE0CPR01018,false
INE0CQ101015,false
INE0CQB01010,false
INE0CRS01012,false
INE0CT101020,false
INE0CU601026,false
INE0CWK01019,false
INE0D0K01014,false
INE0D6701023,false
INE0D7801012,false
INE0D9X01018,false
INE0DB001013,false
INE0DD101019,false
INE0DLM01024,false
INE0DNW01011,false
INE0DRT01018,false
INE0DSF01015,false
INE0DTJ01015,false
INE0DXR01010,false
INE0E2801015,false
INE0EAX01014,false
INE0EK901012,false
INE0EMB01015,false
INE0FDU25010,false
INE0FHS01016,false
INE0FLR01028,false
INE0FS801015,false
INE0FW001016,false
INE0GAO01018,false
INE0GD201014,false
INE0GFE01018,false
INE0GGX23010,false
INE0GIU01018,false
INE0GK401011,false
INE0GSL01016,false
INE0GTI23014,false
INE0GYU23027,false
INE0H1201012,false
INE0H5O01029,false
INE0H7R23014,false
INE0H8J01015,false
INE0HLJ01013,false
INE0I2F01015,false
INE0I7C01011,false
INE0ILD01014,false
INE0IPL01018,false
INE0IQ001011,false
INE0IX101010,false
INE0JFE01012,false
INE0JJS01014,false
INE0JNA01014,false
INE0JSJ01014,false
INE0JVD01011,false
INE0K1401012,false
INE0KA601012,false
INE0KAF01018,false
INE0KCE01017,false
INE0KCM01010,false
INE0KQ001017,false
INE100A01010,true
INE100C01024,false
INE100D01014,false
INE100E01012,false
INE101A01026,true
INE101D01020,true
INE101E01010,false
INE101H01013,false
INE102A01024,false
INE102B01014,false
INE102C01020,false
INE102D01028,true
INE102E01018,false
INE102F01015,false
INE102I01027,false
INE103A01014,true
INE103C01036,false
INE103E01016,false
INE104A01012,false
INE104E01014,false
INE104F01011,false
INE104S01022,false
INE105A01035,false
INE105C01023,false
INE105D01013,false
INE105I01020,false
INE105J01010,false
INE106C01013,false
INE106G01014,false
INE106I01010,false
INE106T01017,false
INE107A01015,true
INE107F01022,true
INE107J01016,false
INE108C01019,false
INE108E01023,false
INE108T01013,false
INE109A01011,true
INE109C01017,false
INE109Y01011,false
INE110A01019,true
INE110B01017,true
INE110C01015,false
INE110Q01015,false
INE111A01025,true
INE111B01023,false
INE111F01016,false
INE111Q01013,false
INE112C01011,false
INE112D01035,false
INE112F01022,false
INE112L01020,false
INE112X01017,false
INE113A01013,false
INE113B01029,false
INE113E01015,false
INE114A01011,true
INE114E01013,false
INE114O01012,false
INE115A01026,true
INE115C01014,false
INE115E01010,false
INE115F01017,false
INE115G01015,false
INE115S01010,false
INE116A01032,false
INE116C01012,false
INE116D01028,false
INE116G01013,false
INE117A01022,true
INE117C01010,false
INE117D01018,false
INE117F01013,false
INE117H01019,false
INE117K01013,false
INE117S01016,false
INE118A01012,true
INE118B01010,false
INE118C01018,false
INE118D01016,false
INE118H01025,false
INE118K01011,false
INE118Q01018,false
INE118R01024,false
INE119A01028,true
INE119B01018,false
INE119R01014,false
INE120A01034,true
INE120D01012,false
INE120V01014,false
INE121A01024,true
INE121B01014,false
INE121D01036,false
INE121E01018,true
INE121J01017,true
INE122D01026,false
INE122M01019,false
INE122N01017,false
INE123B01028,false
INE123C01018,false
INE123D01024,false
INE123E01014,false
INE123F01029,true
INE123M01017,false
INE123W01016,true
INE124B01018,false
INE124E01020,false
INE124G01033,true
INE125D01011,false
INE125F01024,false
INE125G01014,false
INE126A01031,false
INE126J01016,false
INE126M01010,false
INE127B01011,false
INE127D01025,true
INE127I01024,false
INE127T01013,false
INE128A01029,true
INE128G01018,false
INE128R01023,false
INE129A01019,true
INE129Z01016,false
INE130B01031,false
INE130F01016,false
INE130L01014,false
INE130N01010,false
INE131A01031,true
INE131B01039,true
INE131C01011,false
INE131D01019,false
INE131H01028,false
INE131N01018,false
INE131Q01011,false
INE132C01027,false
INE132F01038,false
INE132H01018,false
INE133A01011,true
INE133B01019,true
INE133D01023,false
INE133E01013,true
INE133Y01011,false
INE134B01017,true
INE134E01011,true
INE134F01026,false
INE134R01013,false
INE135C01012,false
INE135H01029,false
INE136B01020,true
INE136S01016,false
INE137C01018,false
INE137I01015,false
INE137M01017,false
INE138A01028,true
INE138B01018,false
INE138C01024,false
INE138O01029,false
INE139A01034,true
INE139B01016,false
INE139D01020,false
INE139E01028,false
INE139I01011,false
INE140A01024,true
INE140B01014,false
INE140C01012,false
INE141C01028,false
INE141D01018,false
INE141K01013,false
INE142A01012,false
INE142E01014,false
INE142I01023,false
INE142K01011,false
INE142Z01019,true
INE143A01010,false
INE143C01024,false
INE143I01013,false
INE143K01019,false
INE144C01014,false
INE144D01012,false
INE144J01027,false
INE144Z01023,false
INE145E01017,false
INE145J01024,false
INE145L01012,false
INE145Y01015,false
INE146C01019,false
INE146E01015,false
INE146H01018,false
INE146L01010,true
INE146N01016,false
INE146Y01013,false
INE147A01011,false
INE147C01017,false
INE147D01015,false
INE147J01012,false
INE147P01019,false
INE148A01019,true
INE148B01025,false
INE148I01020,true
INE149A01033,false
INE149B01015,false
INE149D01011,false
INE149K01016,false
INE149O01018,false
INE149Q01013,false
INE150B01039,false
INE150C01011,false
INE150D01027,false
INE150G01020,true
INE150R01019,false
INE151A01013,true
INE151B01011,false
INE151G01010,false
INE151H01018,false
INE152A01029,true
INE152B01027,true
INE152C01025,false
INE152E01013,false
INE152M01016,false
INE153A01019,true
INE153C01015,false
INE153K01018,false
INE153T01027,true
INE154A01025,true
INE154B01015,false
INE154M01012,false
INE154U01015,true
INE155A01022,true
INE155C01010,true
INE155E01016,false
INE155G01029,true
INE155R01018,false
INE155Z01011,false
INE156A01020,false
INE156C01018,false
INE156E01014,false
INE156M01017,false
INE157B01026,false
INE157H01023,false
INE158A01026,true
INE158B01016,false
INE158G01015,false
INE158R01012,false
INE159A01016,true
INE159C01012,false
INE159E01026,false
INE159L01013,false
INE159N01027,false
INE159O01033,false
INE160A01022,true
INE160F01013,false
INE160H01019,false
INE160L01011,false
INE160N01017,false
INE160O01031,false
INE161A01038,true
INE161E01014,false
INE161G01027,false
INE161L01027,false
INE162A01010,false
INE162B01018,false
INE162L01017,false
INE163A01018,true
INE164A01016,false
INE164B01022,true
INE165B01029,false
INE165G01010,false
INE166R01015,false
INE167B01025,false
INE167H01014,false
INE168A01041,false
INE168O01026,false
INE169A01031,true
INE169F01014,false
INE170C01019,false
INE170D01025,false
INE170E01023,false
INE170I01016,true
INE170U01011,false
INE170V01019,true
INE171A01029,true
INE171P01019,false
INE171Z01018,true
INE172A01027,true
INE172D01021,false
INE172E01011,false
INE172H01014,true
INE172N01012,false
INE173A01025,false
INE173J01018,false
INE173M01012,false
INE173U01015,false
INE173V01013,false
INE175A01038,true
INE175C01018,false
INE175N01023,false
INE175Q01018,false
INE176A01028,true
INE176B01034,true
INE176C01016,false
INE176J01011,false
INE176L01017,false
INE176N01021,false
INE177A01018,false
INE177C01022,false
INE177D01020,false
INE177E01010,false
INE177F01017,false
INE177H01021,false
INE177M01013,false
INE178A01016,true
INE178C01020,false
INE178E01026,false
INE178O01025,false
INE178T01024,false
INE179A01014,true
INE179G01011,false
INE179O01015,false
INE180A01020,true
INE180C01026,true
INE180M01033,false
INE181G01025,true
INE181U01018,false
INE182A01018,true
INE182D01020,false
INE182E01010,false
INE183A01024,false
INE183D01010,false
INE183Q01012,false
INE183R01010,false
INE183W23014,false
INE184B01012,false
INE184D01026,false
INE184E01024,false
INE184H01027,false
INE184K01013,false
INE184Q01010,false
INE184S01016,false
INE184U01012,false
INE185C01017,false
INE185D01015,false
INE185E01013,false
INE185H01016,false
INE185K01036,false
INE185U01027,false
INE186A01019,false
INE186C01015,false
INE186E01011,false
INE186H01022,false
INE186R01013,false
INE187A01017,false
INE187D01011,true
INE187R01011,false
INE188A01015,false
INE188B01013,false
INE188E01017,false
INE188Y01015,false
INE189B01011,true
INE189I01024,false
INE190D01015,false
INE190F01028,false
INE190H01024,false
INE191A01027,false
INE191B01025,true
INE191C01015,false
INE191H01014,true
INE191I01012,false
INE191N01012,false
INE191O01010,false
INE191P01017,false
INE191V01015,false
INE192A01025,true
INE192B01031,true
INE192C01013,false
INE192H01020,false
INE192R01011,true
INE193B01039,false
INE193D01019,false
INE193E01025,true
INE193R01019,false
INE194D01017,false
INE194E01015,false
INE194N01016,false
INE194R01017,false
INE195A01028,true
INE195E01020,false
INE195F01019,false
INE195J01029,true
INE195N01013,true
INE196A01026,true
INE196R01012,false
INE196Y01018,false
INE197A01024,false
INE197C01012,false
INE197D01010,true
INE197J01017,false
INE197R01010,false
INE198C01010,false
INE198H01019,false
INE198N01017,false
INE199A01012,false
INE199C01026,false
INE199D01016,false
INE199E01014,false
INE199G01027,true
INE199P01028,false
INE200A01026,true
INE200D01020,false
INE200M01013,true
INE200P01016,false
INE201A01024,false
INE201B01022,false
INE201C01012,false
INE201F01015,false
INE201J01017,false
INE201K01015,false
INE201M01029,false
INE201P01022,false
INE202H01019,false
INE202R01026,false
INE202Z01029,false
INE203A01020,true
INE203D01016,false
INE203G01027,true
INE203N01015,false
INE203T01012,false
INE203Y01012,false
INE204A01010,false
INE204C01024,false
INE204D01022,false
INE204E01012,false
INE204N01013,false
INE204S01012,false
INE204Y01010,false
INE205A01025,true
INE205B01023,false
INE205C01021,true
INE205F01016,false
INE206B01013,false
INE206C01011,false
INE206F01022,false
INE206I01026,false
INE206N01018,false
INE206Z01020,false
INE207A01013,false
INE207B01011,false
INE207C01019,false
INE207D01017,false
INE207E01023,false
INE207H01018,false
INE208A01029,true
INE208C01025,true
INE208U01019,false
INE209A01019,false
INE209B01025,false
INE209C01015,false
INE209L01016,false
INE209O01028,false
INE210A01017,false
INE210C01013,false
INE210P01015,false
INE211B01039,true
INE211D01027,false
INE211P01021,false
INE211R01019,true
INE212B01011,false
INE212H01026,false
INE212I01016,false
INE212P01011,false
INE213A01029,true
INE213B01019,false
INE213C01025,false
INE213D01015,false
INE213P01027,false
INE213U01019,false
INE214A01019,false
INE214B01017,false
INE214F01026,false
INE214T01019,true
INE215B01022,false
INE215D01010,false
INE215F01023,false
INE215I01019,true
INE216A01030,true
INE216B01012,false
INE216C01010,false
INE216H01027,true
INE216I01017,false
INE216P01012,true
INE216Q01010,false
INE217A01012,false
INE217B01036,true
INE217E01014,false
INE217G01035,false
INE217K01011,true
INE217L01019,false
INE217S01014,false
INE218B01018,false
INE218C01016,false
INE218G01033,false
INE218N01013,false
INE218P01018,false
INE219M01021,false
INE219W01012,false
INE219X23014,false
INE220B01022,true
INE220C01012,false
INE220G01021,true
INE220J01025,true
INE220Z01013,false
INE221B01012,true
INE221H01019,false
INE221J01015,true
INE222B01028,false
INE222F01029,false
INE222J01013,false
INE222U01010,false
INE223R01014,false
INE224A01026,true
INE224C01014,false
INE224D01012,false
INE224E01028,false
INE224E01036,false
INE224M01013,false
INE225B01021,false
INE225C01029,false
INE225D01027,true
INE225G01012,false
INE226A01021,true
INE226H01026,true
INE227B01019,false
INE227C01017,false
INE227F01010,false
INE227G01018,false
INE227W01023,false
INE228A01035,true
INE228B01017,false
INE228I01012,false
INE229A01017,true
INE229C01021,false
INE229G01022,false
INE229H01012,false
INE229R01011,false
INE230A01023,true
INE230B01021,false
INE230F01014,false
INE230F20014,false
INE230I01018,false
INE230R01027,false
INE231C01019,false
INE231F01020,true
INE231G01010,false
INE232A01011,false
INE232E01013,false
INE232I01014,false
INE232L01018,false
INE233A01035,true
INE233B01017,true
INE233C01023,false
INE233D01013,false
INE233P01017,false
INE234A01025,false
INE234B01023,false
INE234G01022,false
INE234I01010,false
INE234J01018,false
INE235A01022,true
INE235C01010,false
INE236A01020,true
INE236G01019,false
INE236W01016,false
INE236Y01012,false
INE237A01028,true
INE237B01018,false
INE237C01016,false
INE238A01034,true
INE238C01014,false
INE239A01016,true
INE239B01014,false
INE239C01020,false
INE239D01028,false
INE239F01015,false
INE239L01013,false
INE240B01012,false
INE240C01028,true
INE240T01014,false
INE241B01010,false
INE241F01011,false
INE241V01018,false
INE242A01010,true
INE242B01018,false
INE242C01024,false
INE242Q01016,false
INE243D01012,false
INE243E01010,false
INE243N01029,false
INE244A01016,false
INE244B01030,false
INE244C01020,false
INE244J01017,false
INE244W01010,false
INE245A01021,true
INE245B01011,false
INE245H01018,false
INE245I01016,false
INE245L01010,false
INE246B01019,true
INE246D01015,false
INE246F01010,true
INE247C01023,false
INE247D01039,false
INE247F01018,false
INE247M01014,false
INE248A01017,true
INE248B01015,false
INE249D01019,false
INE249U01013,false
INE249Z01012,false
INE250A01039,true
INE250B01029,false
INE250C01027,false
INE250D01017,false
INE250G01010,false
INE250K01012,true
INE250S01015,false
INE250Z01010,false
INE251B01027,false
INE251C01025,false
INE252A01019,false
INE252C01015,false
INE253A01025,true
INE253B01015,false
INE253C01013,false
INE253N01010,false
INE254N01018,false
INE255A01020,true
INE255D01024,true
INE255E01030,false
INE255X01014,false
INE256A01028,true
INE256C01024,false
INE256D01014,false
INE256F01019,false
INE256G01033,false
INE256H01015,false
INE256S01012,false
INE256Z01017,false
INE257A01026,true
INE258A01016,true
INE258B01022,true
INE258C01038,false
INE258G01013,false
INE258M01011,false
INE258R01010,false
INE259A01022,true
INE260B01028,true
INE260D01016,false
INE260E01014,false
INE260R01016,false
INE262A01018,false
INE262B01016,false
INE262C01014,false
INE262H01013,true
INE262W01012,false
INE263A01024,true
INE263B01022,false
INE263R01010,false
INE263W01010,false
INE264N01017,false
INE264T01014,false
INE265B01019,false
INE265D01015,false
INE265F01028,false
INE266B01017,false
INE266C01023,false
INE266D01021,false
INE266F01018,true
INE266P01017,false
INE266S01011,false
INE266Y01019,false
INE267A01025,true
INE267E01019,false
INE267I01010,false
INE268B01013,false
INE268C01029,false
INE268H01010,false
INE268L01020,false
INE268T01015,false
INE268X01017,false
INE269A01021,true
INE269B01029,true
INE269F01012,false
INE270A01029,false
INE270B01027,false
INE270F01010,false
INE270I01014,false
INE271B01025,false
INE271C01023,true
INE271D01013,false
INE272C01013,false
INE272E01027,false
INE272G01014,false
INE272L01022,false
INE273A01015,false
INE273D01019,true
INE273F01022,false
INE274C01019,true
INE274E01015,false
INE274F01020,false
INE274G01010,true
INE274J01014,true
INE274K01012,false
INE274M01018,false
INE274V01019,true
INE275B01026,false
INE275D01022,false
INE275F01019,false
INE276A01018,false
INE276C01014,false
INE276D01012,false
INE276G01015,false
INE276H01013,false
INE277A01016,false
INE277B01014,false
INE277C01012,false
INE277T01024,false
INE278B01020,false
INE278C01010,false
INE278D01018,false
INE278G01037,false
INE278H01035,true
INE278M01019,true
INE278O01015,false
INE278R01034,false
INE279A01012,true
INE279D01016,false
INE280A01028,true
INE280B01018,false
INE280E01020,false
INE280F01019,false
INE280H01015,false
INE281A01026,false
INE281B01032,false
INE281E01010,false
INE281M01013,false
INE281P01016,false
INE282Y01016,false
INE283A01014,false
INE283D01018,false
INE283H01019,true
INE284A01012,true
INE284B01028,false
INE284C01018,false
INE284D01016,false
INE284S01014,false
INE285A01027,true
INE285B01017,false
INE285C01015,false
INE285H01022,false
INE285J01028,false
INE285K01026,false
INE285U01025,false
INE286E01019,false
INE286H01012,false
INE286N01028,false
INE287B01021,true
INE287C01037,false
INE287Z01012,true
INE288A01013,false
INE288B01029,true
INE289A01011,false
INE289B01019,true
INE289C01025,false
INE289D01015,false
INE290A01027,false
INE290E01011,false
INE290S01011,false
INE291A01017,false
INE291D01011,true
INE291E01019,false
INE291R01011,false
INE291W01011,false
INE292B01021,true
INE292C01011,false
INE292D01019,false
INE293A01013,true
INE293B01029,false
INE293C01019,false
INE293D01017,false
INE293E01023,false
INE293N01016,false
INE294A01037,false
INE294B01019,true
INE294G01026,false
INE294Z01018,false
INE295A01018,false
INE295C01014,false
INE295D01020,false
INE295F01017,false
INE295Z01015,false
INE296A01024,true
INE296C01020,false
INE296D01010,false
INE296E01026,false
INE296G01013,false
INE296H01011,false
INE296Q01012,false
INE297D01018,false
INE297H01019,false
INE297J01023,false
INE297L01011,false
INE298A01020,true
INE298B01010,false
INE298E01022,false
INE298G01027,false
INE298I01015,false
INE298J01013,true
INE298W01016,false
INE299D01014,false
INE299N01013,false
INE299U01018,true
INE299W01014,false
INE300A01016,false
INE300B01022,false
INE301A01014,true
INE301C01028,false
INE301D01026,false
INE302A01020,true
INE302C01018,false
INE302D01016,false
INE302E01014,false
INE302F01011,false
INE302H01017,false
INE302R01024,false
INE303A01010,true
INE303R01014,false
INE304A01026,true
INE304D01012,false
INE304E01010,false
INE305A01015,false
INE305C01029,false
INE305D01019,false
INE306A01021,false
INE306C01019,false
INE306D01017,false
INE306L01010,true
INE306R01017,true
INE307D01015,false
INE307N01014,false
INE308A01027,false
INE308B01017,false
INE308E01029,false
INE308N01012,false
INE309B01023,false
INE309D01011,false
INE309H01038,false
INE309M01012,false
INE310A01015,true
INE310B01013,false
INE310C01029,true
INE311D01017,false
INE311H01018,false
INE311M01018,false
INE311N01016,false
INE312B01027,false
INE312C01025,false
INE312H01016,true
INE312J01012,false
INE312M01016,false
INE313D01013,false
INE313G01016,false
INE313M01022,false
INE314C01013,false
INE314D01011,false
INE314G01014,false
INE314H01012,false
INE314I01036,false
INE314N01028,false
INE314T01025,false
INE314Z01014,false
INE315N01017,false
INE316A01038,false
INE316D01024,false
INE316G01019,false
INE316L01019,false
INE316O01021,false
INE317B01042,false
INE317F01035,false
INE317I01021,false
INE317V01016,false
INE317W01014,false
INE318A01026,true
INE318C01014,false
INE318D01020,true
INE318K01025,false
INE318N01011,false
INE319B01014,false
INE319M01011,false
INE319N01019,false
INE319Q01012,false
INE319U01022,false
INE319X01018,false
INE319Y01024,false
INE319Z01021,false
INE320B01020,false
INE320D01018,false
INE320I01017,false
INE320J01015,true
INE320L01011,false
INE320M01019,false
INE320X01016,false
INE321D01016,false
INE321M01017,false
INE322A01010,false
INE322R01014,false
INE323A01026,true
INE323B01016,false
INE323C01030,false
INE323D01020,false
INE323I01011,true
INE323J01019,false
INE323K01017,false
INE324A01024,true
INE324L01013,false
INE324N01027,false
INE325A01013,true
INE325C01035,false
INE325D01025,false
INE325G01010,false
INE325P01011,false
INE325X01015,false
INE326A01037,true
INE326B01027,false
INE326C01017,false
INE326P01019,false
INE326T01011,false
INE327D01013,false
INE327G01032,false
INE328D01011,false
INE328F01016,false
INE329C01011,false
INE330E01023,false
INE330H01018,true
INE331A01037,true
INE331C01017,false
INE331E01013,false
INE331L01026,false
INE332A01027,true
INE332F01018,false
INE332H01014,false
INE332Q01015,false
INE333C01013,false
INE333E01019,false
INE333H01020,false
INE333Y01017,false
INE334A01023,true
INE334C01029,false
INE334E01017,false
INE334L01012,true
INE335A01012,true
INE335G01019,false
INE335K01011,true
INE335N01015,false
INE335W01016,false
INE335Y01020,false
INE336D01014,false
INE336H01023,true
INE336Q01016,false
INE336X01012,false
INE337A01034,false
INE337E01010,false
INE337M01013,true
INE338A01024,false
INE338C01012,false
INE338D01028,false
INE338F01015,false
INE338I01027,true
INE338N01019,false
INE338P01014,false
INE339D01034,false
INE339F01021,false
INE339P01046,false
INE339Z01011,false
INE340A01012,true
INE340D01016,false
INE340F01011,false
INE340O01013,false
INE340U01010,false
INE341H01023,false
INE341R01014,false
INE341Z01025,false
INE342A01018,true
INE342D01012,false
INE342J01019,true
INE342U01016,false
INE343A01016,false
INE343B01030,true
INE343C01012,false
INE343H01029,true
INE343X01018,false
INE344D01018,false
INE344I01017,false
INE344S01016,false
INE344T01014,false
INE344X01016,false
INE345A01011,false
INE345B01019,false
INE345H01016,false
INE345Q01017,false
INE345U01019,false
INE346W01013,true
INE347A01017,false
INE347C01013,false
INE347D01011,false
INE347G01014,true
INE347H01012,false
INE347I01010,false
INE347W01011,true
INE348A01023,false
INE348B01021,false
INE348D01019,false
INE348I01018,false
INE348L01012,true
INE348N01034,false
INE349A01021,false
INE349W01017,true
INE350C01017,false
INE350D01015,false
INE350H01032,false
INE350Z01018,false
INE351A01035,true
INE351F01018,true
INE351L01016,false
INE353A01023,false
INE353H01010,false
INE353K01014,true
INE354A01013,false
INE354C01027,false
INE354D01017,false
INE354E01031,false
INE355A01028,true
INE355C01016,false
INE355H01015,false
INE356A01018,true
INE356B01016,false
INE356C01022,false
INE356F01017,false
INE357B01022,false
INE358A01014,true
INE358C01010,false
INE358D01018,false
INE358U01012,false
INE359A01012,false
INE359B01010,false
INE359U01010,false
INE360C01024,false
INE360D01014,false
INE360J01011,false
INE360L01017,false
INE360S01012,false
INE361B01024,true
INE361D01012,false
INE362A01016,false
INE362C01012,false
INE362D01010,false
INE363A01022,false
INE363D01018,false
INE363L01029,false
INE363M01019,true
INE363W01018,false
INE364A01020,false
INE364D01032,false
INE364S01014,false
INE364T01012,false
INE364U01010,true
INE364Z01019,false
INE365B01017,true
INE365C01023,false
INE365D01021,true
INE365H01014,false
INE365I01020,false
INE365O01010,false
INE365S01037,false
INE365Y01019,false
INE366A01041,false
INE366G01022,false
INE366H01012,false
INE366I01010,true
INE367A01015,false
INE367E01033,false
INE367G01038,true
INE367U01013,false
INE368C01019,false
INE368D01017,false
INE368E01023,false
INE368I01016,false
INE368U01011,false
INE369A01029,true
INE369B01019,false
INE369C01017,false
INE369D01023,false
INE369I01014,false
INE369Q01017,false
INE370A01019,false
INE370D01013,false
INE370E01029,false
INE370Q01015,false
INE371A01025,true
INE371C01013,false
INE371F01016,false
INE371P01015,true
INE371U01015,false
INE372A01015,true
INE372C01037,false
INE372D01019,false
INE372E01025,false
INE372I01018,false
INE373A01013,true
INE373C01019,false
INE373D01017,false
INE373E01015,false
INE373T01039,false
INE373V01019,false
INE374B01019,true
INE374E01021,false
INE374J01020,false
INE375C01014,false
INE375D01012,false
INE376A01032,false
INE376C01020,false
INE376G01013,true
INE376L01013,false
INE377D01018,false
INE377E01016,false
INE378D01032,false
INE378P01028,false
INE379J01029,false
INE380C01014,false
INE380D01012,false
INE380G01015,false
INE380K01017,false
INE380Z01015,false
INE381G01013,false
INE381N01019,false
INE382M01027,false
INE382Z01011,true
INE383A01012,false
INE383H01017,false
INE383L01019,false
INE384A01010,false
INE384C01016,false
INE384D01022,false
INE385C01013,true
INE385D01011,false
INE385F01016,false
INE385I01010,false
INE385M01012,false
INE385W01011,true
INE386A01015,true
INE386C01029,false
INE386D01027,false
INE386I01018,false
INE387A01021,true
INE387D01025,false
INE387I01016,false
INE388A01029,false
INE388C01017,false
INE388G01018,false
INE388Y01029,true
INE389C01015,false
INE389D01013,false
INE389H01022,true
INE389K01018,true
INE390D01011,false
INE390G01014,false
INE390H01012,true
INE391C01011,false
INE391D01019,false
INE391G01012,false
INE391J01024,false
INE392A01013,false
INE392B01011,false
INE392G01010,false
INE392H01018,false
INE393A01011,false
INE393D01015,false
INE393F01010,false
INE393H01016,false
INE393P01035,false
INE394C01023,false
INE395A01016,false
INE395B01048,false
INE395F01023,false
INE395H01011,false
INE395U01014,false
INE396C01010,false
INE396F01013,false
INE396H01019,false
INE397D01024,true
INE397G01019,false
INE397H01017,false
INE398A01010,true
INE398B01018,false
INE398C01016,false
INE398F01019,false
INE398H01015,false
INE398L01017,false
INE398R01022,true
INE399C01030,true
INE399G01023,false
INE399K01017,false
INE399L01023,true
INE399S01010,false
INE400A01014,false
INE400G01011,false
INE400N01017,false
INE400R01018,false
INE401B01010,false
INE401C01018,false
INE401H01017,false
INE401Q01018,false
INE401Z01019,false
INE402H01015,false
INE402Y01010,false
INE403B01016,false
INE403C01014,false
INE403F01017,false
INE404A01024,false
INE404B01014,false
INE404F01031,false
INE404L01039,false
INE404N01019,false
INE405A01021,false
INE405C01035,false
INE405E01023,true
INE405H01018,false
INE406A01037,true
INE406F01010,false
INE406M01024,true
INE406N01014,false
INE407E01029,false
INE407P01017,false
INE408F01016,false
INE409B01013,false
INE410A01013,false
INE410B01037,false
INE410D01017,false
INE410E01015,false
INE410G01010,false
INE410M01018,false
INE410P01011,false
INE411B01019,true
INE411D01015,false
INE411F01010,false
INE411H01032,true
INE411U01027,false
INE411Y01011,false
INE412C01023,false
INE412D01013,false
INE412E01011,false
INE412G01016,false
INE412J01010,false
INE412U01025,false
INE413B01023,false
INE413C01013,false
INE413D01011,false
INE413F01016,false
INE413G01014,false
INE413X01027,false
INE414A01015,true
INE414B01021,false
INE414C01037,false
INE414D01019,false
INE414G01012,true
INE414L01012,false
INE414Y01015,false
INE415A01038,false
INE415D01024,false
INE415G01027,false
INE415H01017,false
INE415I01015,true
INE416A01036,false
INE416D01022,true
INE416L01017,false
INE416N01013,false
INE417B01040,false
INE417C01014,false
INE417D01012,false
INE417E01010,false
INE417F01017,false
INE417N01011,false
INE417T01026,false
INE418B01048,false
INE418C01012,false
INE418D01010,false
INE418E01018,false
INE418H01029,true
INE418L01021,false
INE418N01035,false
INE419A01022,false
INE419D01026,false
INE419E01024,false
INE419H01019,false
INE419M01019,false
INE419U01012,false
INE420B01028,false
INE420C01042,true
INE421A01028,true
INE421C01016,true
INE421D01022,true
INE421E01012,false
INE422C01014,false
INE422D01012,false
INE422G01015,false
INE423A01024,true
INE423D01010,false
INE423K01015,false
INE424C01010,false
INE424H01027,true
INE424Z01011,false
INE425A01011,false
INE425B01027,true
INE425C01017,false
INE425D01015,false
INE425E01013,false
INE425F01028,false
INE425Y01011,false
INE426A01027,true
INE426D01013,true
INE426H01014,false
INE426Z01016,false
INE427C01021,false
INE427D01011,false
INE427E01027,false
INE427F01016,false
INE427V01013,false
INE428B01013,false
INE428C01011,false
INE428D01019,false
INE428P01013,false
INE428Q01011,false
INE429B01011,false
INE429D01017,false
INE429E01023,false
INE429F01012,false
INE429I01024,false
INE429R01017,false
INE430D01015,false
INE430F01010,false
INE430N01022,false
INE430R01015,false
INE431C01023,false
INE431F01018,false
INE432A01017,false
INE433G01012,false
INE433O01024,false
INE434B01029,false
INE434C01027,false
INE435A01028,true
INE435C01024,true
INE435D01014,false
INE435E01020,false
INE435G01025,true
INE436A01026,false
INE436C01014,false
INE436N01029,false
INE436U01016,false
INE437A01024,true
INE437B01014,false
INE437C01012,false
INE437D01010,false
INE437O01025,false
INE438A01022,true
INE438C01010,false
INE438E01016,false
INE439A01020,false
INE439E01022,true
INE439G01019,false
INE439N01023,false
INE439T01012,false
INE440A01010,false
INE440C01016,false
INE440E01012,false
INE440G01017,false
INE440L01017,false
INE440T01010,false
INE441C01014,false
INE441L01015,false
INE442C01012,false
INE442D01010,false
INE442H01029,true
INE442P01014,false
INE442U01014,false
INE442V01012,false
INE443A01030,false
INE443B01012,false
INE443C01010,false
INE443E01016,false
INE444D01016,false
INE444X01014,false
INE445C01015,false
INE445D01013,false
INE446C01013,false
INE446D01011,false
INE446E01019,false
INE447A01015,false
INE448B01029,false
INE448D01017,false
INE448G01010,false
INE449A01011,false
INE449C01025,false
INE449G01018,false
INE450D01021,false
INE450E01011,false
INE450G01024,false
INE450U01017,false
INE451A01017,false
INE451C01013,false
INE451D01029,false
INE451F01024,false
INE451L01014,false
INE451S01019,false
INE452B01013,false
INE452L01012,false
INE452O01016,true
INE452S01025,false
INE452W01019,false
INE452Z01012,false
INE453B01029,false
INE453D01025,false
INE453S01015,false
INE454E01013,false
INE454F01010,false
INE454M01024,true
INE455C01014,false
INE455D01012,false
INE455F01025,true
INE455H01013,false
INE455I01029,false
INE455K01017,true
INE455T01018,true
INE456B01014,false
INE456C01020,false
INE456D01010,false
INE456H01011,false
INE456N01019,false
INE457A01014,true
INE457C01010,false
INE457D01018,false
INE457E01016,false
INE457F01013,false
INE457G01029,false
INE457H01019,false
INE457L01011,false
INE457N01025,false
INE457P01020,false
INE458B01036,false
INE458F01011,false
INE459A01010,false
INE459C01016,false
INE459U01018,false
INE459Z01017,false
INE460C01014,true
INE460D01038,false
INE460H01021,true
INE461B01014,true
INE461C01038,true
INE461D01010,false
INE461H01011,false
INE461Y01016,false
INE462A01022,true
INE462D01026,false
INE463A01038,true
INE463B01036,false
INE463V01026,false
INE464A01028,false
INE464B01018,false
INE464C01024,false
INE464D01014,false
INE464Z01017,false
INE465A01025,true
INE465K01016,false
INE466D01019,false
INE466L01020,false
INE467B01029,true
INE467D01017,false
INE468C01017,false
INE468F01010,false
INE469A01019,false
INE469C01023,false
INE469D01013,false
INE469F01026,false
INE470A01017,true
INE470N01010,false
INE470Y01017,true
INE471W01019,false
INE472A01039,true
INE472B01011,false
INE472C01027,false
INE472D01017,false
INE472M01018,false
INE473A01011,true
INE473B01035,false
INE473C01025,false
INE473D01015,false
INE473E01021,false
INE473F01010,false
INE473L01018,false
INE473T01011,false
INE474C01015,true
INE474D01013,false
INE474E01029,false
INE474L01016,false
INE474O01010,false
INE475B01022,true
INE475C01012,false
INE475D01010,false
INE475E01026,true
INE475V01012,false
INE476A01014,true
INE477A01020,true
INE477B01010,false
INE478B01018,false
INE478D01014,false
INE479A01018,false
INE479D01038,false
INE480C01020,false
INE480D01010,false
INE480H01011,false
INE480M01011,false
INE480S01026,false
INE481G01011,true
INE481N01025,false
INE481Y01014,true
INE481Z01011,false
INE482A01020,true
INE482B01010,true
INE482D01024,false
INE482J01021,false
INE482O01021,false
INE483A01010,true
INE483B01026,true
INE483C01032,false
INE483D01014,false
INE483S01020,false
INE484C01030,false
INE484D01012,false
INE484I01029,false
INE484J01027,true
INE484S01010,false
INE485A01015,false
INE485C01011,false
INE485K01014,false
INE486A01021,false
INE486B01011,false
INE486D01017,false
INE486F01012,false
INE486I01016,false
INE486Y01013,false
INE487B01019,false
INE487G01018,false
INE488A01050,false
INE488B01017,false
INE488C01015,false
INE488D01021,false
INE488V01015,true
INE489D01011,false
INE489G01022,false
INE489L01022,false
INE490A01015,false
INE490G01020,true
INE490Z01012,false
INE491A01021,true
INE491C01027,false
INE491D01017,false
INE491N01016,false
INE491V01019,false
INE492A01029,true
INE492N01022,false
INE492Y01011,false
INE492Z01018,false
INE493A01027,true
INE493B01017,false
INE493D01013,false
INE493H01014,false
INE493N01012,false
INE494B01023,true
INE494D01011,false
INE494K01024,false
INE495A01022,false
INE495B01038,true
INE495C01010,false
INE495P01012,false
INE495S01016,true
INE495Z01011,false
INE497B01018,false
INE497D01022,false
INE497E01012,false
INE498A01018,false
INE498B01024,true
INE498D01012,false
INE498E01010,false
INE498G01015,false
INE498L01015,true
INE498Q01014,false
INE499A01024,false
INE499G01013,false
INE499Q01012,false
INE500A01029,true
INE500C01017,false
INE500D01015,false
INE500L01026,false
INE501A01019,false
INE501C01015,false
INE501D01013,false
INE501F01018,false
INE501G01024,true
INE501L01024,false
INE501N01012,false
INE501W01021,false
INE501Y01019,false
INE502C01039,false
INE502D01011,false
INE502O01018,false
INE503A01015,true
INE503B01013,false
INE503D01027,false
INE505A01010,false
INE505C01016,false
INE505D01014,false
INE505Y01010,false
INE506A01018,true
INE506D01020,false
INE506W01012,false
INE506Z01015,false
INE507D01010,false
INE507O01025,false
INE508G01029,true
INE508J01015,false
INE508R01018,false
INE509C01026,false
INE509F01011,true
INE509J01013,false
INE510A01028,true
INE510B01018,false
INE510H01015,false
INE510P01018,false
INE511C01022,true
INE511D01012,false
INE511J01027,false
INE511Y01018,false
INE512A01016,false
INE512B01022,false
INE512D01028,false
INE512R01010,false
INE513A01022,false
INE513C01010,false
INE513E01024,false
INE513R01018,false
INE514Y01020,false
INE515A01019,false
INE515B01025,false
INE515C01023,false
INE515H01014,false
INE516A01017,true
INE516D01011,false
INE516E01019,false
INE516F01016,false
INE516K01024,false
INE516P01015,false
INE517B01013,true
INE517D01019,false
INE517F01014,false
INE518A01013,false
INE518D01025,false
INE518E01015,false
INE519A01011,false
INE519C01017,false
INE519D01015,false
INE519N01014,false
INE520A01027,true
INE520H01022,false
INE520Y01019,false
INE521J01018,false
INE521L01030,false
INE522D01027,true
INE522F01014,true
INE523B01011,false
INE523D01017,false
INE523I01016,false
INE523K01012,false
INE524A01029,true
INE524B01027,false
INE524L01026,false
INE524N01014,false
INE524T01011,false
INE524U01019,false
INE525B01016,false
INE525F01017,false
INE526B01014,false
INE526C01012,false
INE526E01018,false
INE526G01021,false
INE526H01011,false
INE526R01010,false
INE527B01020,false
INE527H01019,true
INE528A01020,false
INE528C01018,false
INE528E01022,false
INE528G01035,false
INE528K01029,true
INE529A01010,true
INE529D01014,true
INE529F01035,false
INE529I01021,false
INE530B01024,false
INE530D01012,false
INE531A01024,true
INE531D01010,false
INE531E01026,true
INE531X01018,false
INE532B01020,false
INE532F01054,true
INE533A01012,false
INE533B01028,false
INE533C01018,false
INE533D01032,false
INE534A01028,false
INE534D01014,false
INE534E01020,false
INE535C01013,false
INE535D01029,false
INE535F01024,false
INE536A01023,true
INE536C01029,false
INE536H01010,true
INE536P01021,false
INE537A01013,false
INE537B01011,false
INE537C01019,false
INE537F01012,false
INE537L01010,false
INE537U01011,false
INE538A01037,false
INE538D01015,false
INE539A01019,true
INE539B01017,false
INE540A01017,false
INE540C01021,false
INE540G01014,false
INE540H01012,false
INE540L01014,true
INE540S01019,false
INE541A01023,true
INE541C01037,false
INE541F01022,false
INE541K01014,false
INE541R01019,false
INE542A01039,false
INE542B01011,false
INE542C01019,false
INE542F01012,true
INE542W01017,false
INE542Z01010,false
INE544A01019,false
INE544C01023,false
INE544H01014,false
INE544R01021,false
INE544W01013,false
INE545A01016,false
INE545B01022,false
INE545E01018,false
INE545H01011,false
INE545L01039,false
INE545N01019,false
INE545U01014,true
INE546C01010,false
INE546D01018,false
INE546F01013,false
INE546I01017,false
INE546V01010,false
INE546Y01022,false
INE547B01028,false
INE547C01018,false
INE547E01014,false
INE548A01028,false
INE548B01018,false
INE548C01032,true
INE548D01014,false
INE548Z01017,false
INE549A01026,false
INE549B01016,false
INE549D01012,false
INE549S01010,false
INE550B01022,false
INE550C01020,false
INE550D01010,false
INE550F01031,false
INE550H01011,false
INE550L01013,false
INE550U01014,false
INE551B01012,false
INE551C01028,false
INE551D01018,false
INE551W01018,false
INE552B01010,false
INE552D01024,false
INE552E01014,false
INE552H01017,false
INE552U01010,false
INE553C01016,false
INE553F01035,false
INE553H01015,false
INE554H01021,false
INE554R01012,false
INE555B01013,false
INE555C01029,false
INE555P01013,false
INE555X01017,false
INE556D01017,false
INE556Z01010,false
INE557A01011,false
INE557B01019,true
INE557C01017,false
INE557D01015,false
INE558A01019,false
INE558B01017,false
INE558D01021,false
INE558F01026,false
INE558R01013,false
INE559A01017,true
INE559D01011,false
INE559N01010,false
INE560A01015,false
INE560D01027,false
INE560F01022,false
INE560K01014,true
INE560T01015,false
INE561C01019,true
INE561D01025,false
INE561E01015,false
INE561H01026,false
INE561M01018,false
INE562A01011,true
INE562B01019,false
INE562S01013,false
INE562X01013,false
INE563C01015,false
INE563D01013,false
INE563J01010,false
INE563S01011,false
INE564B01015,false
INE564C01013,false
INE564J01026,false
INE564S01019,false
INE564V01013,false
INE565A01014,true
INE565E01016,false
INE565L01011,true
INE565V01010,false
INE566K01011,true
INE566M01017,false
INE567A01028,false
INE567L01017,false
INE567P01018,false
INE568F01017,false
INE569B01022,false
INE569C01020,false
INE569D01028,false
INE570A01014,false
INE570B01012,false
INE570D01018,true
INE570N01025,false
INE571A01038,false
INE571B01028,false
INE571U01010,false
INE572A01028,false
INE572D01014,false
INE572E01012,true
INE572G01025,false
INE572J01011,false
INE572Z01017,false
INE573A01042,true
INE573B01016,false
INE573K01017,false
INE573R01012,false
INE574A01016,false
INE574D01010,false
INE574G01013,false
INE574R01028,false
INE575C01027,false
INE575D01041,false
INE575I01016,false
INE575P01011,false
INE576B01019,false
INE576D01015,false
INE576I01022,false
INE576N01014,false
INE576O01020,false
INE576P01019,false
INE577A01027,false
INE577C01015,false
INE577D01013,false
INE577L01016,false
INE578A01017,false
INE578B01015,false
INE578R01011,false
INE578V01013,false
INE579B01039,false
INE579C01029,false
INE579D01019,false
INE579N01018,false
INE580C01019,false
INE580D01017,false
INE580H01026,false
INE581D01015,false
INE581L01018,false
INE581M01016,false
INE581X01021,false
INE582C01015,false
INE582D01013,false
INE582K01018,false
INE583B01015,false
INE583C01021,true
INE583D01011,false
INE583K01016,false
INE583L01014,false
INE583M01012,false
INE583R01029,false
INE583V01013,false
INE584A01023,true
INE584B01013,false
INE584C01011,false
INE584D01019,false
INE584F01014,false
INE584G01012,false
INE585A01020,false
INE585B01010,true
INE586B01026,false
INE586E01020,false
INE586G01017,true
INE586V01016,false
INE586X01012,false
INE587D01012,false
INE587G01015,true
INE587J01027,false
INE588E01026,false
INE588G01013,false
INE589A01014,true
INE589D01018,false
INE589G01011,false
INE589J01015,false
INE590B01010,false
INE590D01016,false
INE590L01019,true
INE591A01010,false
INE591D01014,false
INE591G01017,true
INE591Q01016,false
INE592A01026,false
INE592B01016,true
INE592O01019,false
INE593B01030,false
INE593O01017,false
INE593W01010,false
INE594B01012,false
INE594D01018,false
INE594H01019,true
INE594O01015,false
INE594R01018,false
INE594V01028,false
INE594W01034,false
INE595D01015,false
INE595G01018,false
INE595R01023,false
INE596B01017,false
INE596F01018,false
INE596H01014,false
INE596I01012,false
INE597C01013,false
INE597I01028,false
INE597J01018,true
INE597L01014,false
INE598C01011,false
INE598D01027,false
INE598F01014,false
INE599F01020,false
INE599M01018,false
INE600A01035,false
INE600K01018,true
INE600L01024,true
INE600Y01019,false
INE601A01017,false
INE601B01015,false
INE601C01013,false
INE601F01016,false
INE601N01010,false
INE602A01023,true
INE602A01031,false
INE602C01011,false
INE602D01027,false
INE602G01020,false
INE602H01010,false
INE603A01013,true
INE603F01012,false
INE603J01030,true
INE604F01010,false
INE605D01012,false
INE606A01024,false
INE606B01022,false
INE606C01012,false
INE606K01023,false
INE607A01022,false
INE607B01012,false
INE607D01018,true
INE607G01011,false
INE607V01010,false
INE608A01012,true
INE608B01010,false
INE609A01010,false
INE609B01018,false
INE609C01024,false
INE609D01014,false
INE610B01024,false
INE610C01014,false
INE610E01010,false
INE611A01016,false
INE611C01012,false
INE611L01021,false
INE612D01018,false
INE612J01015,true
INE613A01020,true
INE613B01010,false
INE613C01018,false
INE614A01028,false
INE614B01018,false
INE614F01019,false
INE614G01033,true
INE614R01014,false
INE615A01017,false
INE615H01020,false
INE615I01010,false
INE615P01015,true
INE615R01029,false
INE615T01017,false
INE615W01011,false
INE616F01022,false
INE616Z01012,false
INE617A01013,false
INE617B01011,false
INE618A01011,false
INE618D01015,false
INE618F01010,false
INE618L01018,false
INE618N01014,false
INE618R01015,false
INE619A01035,false
INE619B01017,true
INE619I01012,false
INE620D01011,false
INE621B01021,false
INE621C01011,false
INE621H01010,false
INE621I01026,false
INE621L01012,true
INE622E01023,false
INE622Q01019,false
INE623A01011,false
INE623B01027,true
INE623D01015,false
INE624M01014,false
INE624Z01016,false
INE625B01014,false
INE625D01010,false
INE625G01013,true
INE626A01014,false
INE626H01019,false
INE626Z01011,false
INE627D01016,false
INE627F01011,false
INE627H01017,false
INE628A01036,true
INE628B01034,false
INE628D01014,false
INE628F01019,false
INE629C01014,false
INE629D01012,false
INE629F01025,false
INE630A01024,false
INE630C01012,false
INE630D01010,false
INE630Y01016,false
INE631A01022,false
INE631D01026,false
INE631E01016,false
INE631R01026,false
INE632A01012,false
INE632C01026,false
INE632W01016,false
INE632X01030,false
INE633B01018,false
INE634A01018,false
INE634B01016,false
INE634D01038,false
INE634I01029,true
INE634J01019,false
INE635A01023,false
INE635D01027,false
INE635I01018,false
INE635Q01029,true
INE636A01039,false
INE636D01025,false
INE636P01011,false
INE637C01025,true
INE637D01015,false
INE637H01024,false
INE637N01014,false
INE638A01035,false
INE638B01025,false
INE638D01021,false
INE639B01015,false
INE639C01013,false
INE639K01016,false
INE640A01023,true
INE640B01021,false
INE640C01011,false
INE641A01013,false
INE641C01019,true
INE641H01018,false
INE641Q01019,false
INE641R01017,false
INE642C01025,false
INE642I01014,false
INE642Y01011,false
INE642Z01018,false
INE643A01035,true
INE643C01015,false
INE643D01013,false
INE643K01018,true
INE643N01012,false
INE644U01015,false
INE644Y01017,false
INE645C01010,false
INE645H01027,false
INE645L01011,false
INE645S01016,false
INE645W01026,false
INE646B01010,false
INE646C01018,false
INE646L01027,true
INE646X01014,true
INE647A01010,true
INE647O01011,true
INE647W01014,false
INE647Z01017,false
INE648E01010,false
INE648Z01015,false
INE649R01010,false
INE650C01028,false
INE650D01026,false
INE650G01029,false
INE650K01021,false
INE650L01011,true
INE651C01018,false
INE651D01016,false
INE652D01014,false
INE652F01027,false
INE652Z01017,false
INE653C01022,false
INE653D01012,false
INE653R01012,false
INE653S01010,false
INE654B01014,false
INE654H01011,false
INE655A01013,false
INE655B01011,true
INE655D01025,false
INE655P01029,false
INE655V01019,false
INE656B01019,false
INE657B01025,false
INE657D01021,false
INE658D01011,false
INE658G01014,false
INE658T01017,false
INE659A01023,false
INE660A01013,true
INE660B01011,false
INE660C01027,false
INE660D01017,false
INE661D01015,false
INE661F01010,false
INE661I01014,true
INE661K01010,false
INE661M01016,false
INE661Q01017,false
INE662A01027,false
INE662D01013,false
INE662L01016,false
INE663B01015,false
INE663F01024,true
INE663P01015,false
INE664D01019,false
INE664N01018,false
INE664X01025,false
INE665A01038,false
INE665D01016,false
INE665J01013,true
INE665L01035,true
INE666D01022,false
INE666E01012,false
INE666Q01016,false
INE666Y01010,false
INE667G01015,true
INE668D01028,false
INE668F01031,false
INE668G01021,false
INE668L01013,false
INE668Y01016,false
INE669A01022,false
INE669C01036,true
INE669E01016,true
INE669R01018,false
INE669W01018,false
INE669X01016,false
INE669Y01022,false
INE670A01012,true
INE670B01028,false
INE670H01017,false
INE670K01029,false
INE670O01013,false
INE670X01014,false
INE671A01010,true
INE671C01016,false
INE671D01014,false
INE671H01015,true
INE671K01019,false
INE671T01010,false
INE672A01018,true
INE672B01032,false
INE672K01025,true
INE673C01020,false
INE673E01018,false
INE673M01029,false
INE674A01014,false
INE674K01013,true
INE674M01019,false
INE675C01017,false
INE676A01019,true
INE676G01024,false
INE677D01029,false
INE677H01012,false
INE678B01021,false
INE678F01014,false
INE679A01013,false
INE679C01027,false
INE679E01015,false
INE679V01019,false
INE680A01011,false
INE680B01019,false
INE680D01015,false
INE681B01017,false
INE681C01015,false
INE681D01039,false
INE681F01018,false
INE681Q01015,false
INE682B01023,false
INE682D01011,false
INE683A01023,false
INE683B01047,false
INE683C01011,false
INE683E01017,false
INE684B01029,false
INE684F01012,true
INE685A01028,true
INE685D01022,false
INE685Z01017,false
INE686A01026,false
INE686C01014,false
INE686F01025,true
INE686Y01026,true
INE687A01016,false
INE687B01014,false
INE687C01012,false
INE687W01010,false
INE688A01022,true
INE688D01026,true
INE688E01024,false
INE688J01015,false
INE688Y01014,false
INE689J01013,false
INE689M01025,false
INE689O01013,false
INE689W01016,false
INE690A01028,false
INE690D01014,false
INE690J01011,false
INE690O01011,false
INE691A01018,true
INE691C01014,false
INE691D01012,false
INE691G01015,false
INE691J01019,false
INE691K01017,false
INE691Z01023,false
INE692A01016,true
INE692B01014,false
INE692C01020,false
INE692G01013,true
INE692Z01013,false
INE693D01018,false
INE693E01016,false
INE694A01020,true
INE694D01016,true
INE694E01014,false
INE694N01015,false
INE694W01016,false
INE694X01022,false
INE695B01025,false
INE695C01015,false
INE695D01021,false
INE695X01011,false
INE696E01019,false
INE696K01024,false
INE696V01013,false
INE697C01011,false
INE697V01011,false
INE698B01011,false
INE699A01011,false
INE699B01027,false
INE699D01015,false
INE699H01024,false
INE700A01033,true
INE700B01015,false
INE700F01016,false
INE700V01013,false
INE701A01023,true
INE701B01021,true
INE701G01012,false
INE702C01027,false
INE702E01015,false
INE703B01027,true
INE703C01025,false
INE703D01023,false
INE703H01016,false
INE704B01017,false
INE704G01024,false
INE704H01022,false
INE704P01017,true
INE705C01020,false
INE705G01021,false
INE705X01018,false
INE706A01022,false
INE706B01012,false
INE706C01028,false
INE706D01018,false
INE706N01017,false
INE707A01012,false
INE707B01010,false
INE707C01018,true
INE709A01018,false
INE709B01016,false
INE709D01012,false
INE710A01016,false
INE710D01010,false
INE711A01022,false
INE711C01010,false
INE711D01018,false
INE711V01010,false
INE712A01012,false
INE712B01010,false
INE712K01011,false
INE713B01026,false
INE713C01016,false
INE713D01055,false
INE713T01010,false
INE714B01016,false
INE714D01012,false
INE714U01016,false
INE715A01015,true
INE715B01021,false
INE715D01019,false
INE715Q01011,false
INE715Y01015,false
INE716A01013,true
INE716B01011,true
INE716D01033,false
INE716F01012,false
INE716K01012,false
INE716M01034,false
INE717A01029,false
INE717C01025,false
INE717D01023,false
INE717E01013,false
INE717F01010,false
INE718B01017,false
INE718F01018,false
INE718H01014,false
INE718M01022,false
INE718P01017,false
INE719G01014,false
INE720A01015,false
INE720D01019,false
INE721A01013,true
INE721C01019,false
INE721D01017,false
INE721X01015,false
INE721Z01010,false
INE722A01011,true
INE722B01019,false
INE722D01015,false
INE722H01016,false
INE722J01012,false
INE723C01015,false
INE723D01021,false
INE723K01018,false
INE723N01012,false
INE724A01017,false
INE724D01011,false
INE724G01014,false
INE725A01022,false
INE725E01024,false
INE725G01011,false
INE725L01011,false
INE725P01012,false
INE726D01016,false
INE726E01014,false
INE726G01019,true
INE726L01019,true
INE726V01018,true
INE726X01014,false
INE727B01026,false
INE727C01016,false
INE727E01012,false
INE727S01012,false
INE728B01032,false
INE728J01019,false
INE728Q01014,false
INE728Z01015,false
INE729C01020,false
INE729D01010,false
INE730A01022,false
INE730E01016,false
INE730R01034,false
INE731A01020,true
INE731B01010,false
INE731C01018,true
INE731D01024,false
INE731F01037,false
INE731G01027,false
INE731H01025,false
INE731U01028,false
INE732A01036,true
INE732C01016,false
INE732D01014,false
INE732F01019,false
INE732I01013,false
INE732K01019,false
INE732S01012,false
INE733A01018,false
INE733E01010,true
INE734D01010,false
INE734I01027,false
INE734N01019,true
INE735C01027,false
INE735D01033,false
INE735M01018,false
INE735U01011,false
INE736A01011,false
INE736H01024,false
INE736P01019,false
INE737B01033,false
INE737C01023,false
INE737D01021,false
INE737H01014,false
INE737W01013,false
INE738D01011,false
INE738I01010,true
INE738P01015,false
INE738V01013,false
INE739B01039,false
INE739E01017,true
INE740D01017,false
INE740V01019,false
INE740X01015,false
INE741A01011,false
INE741B01027,false
INE741C01017,false
INE741K01010,false
INE741L01018,false
INE742B01025,false
INE742C01031,false
INE742F01042,true
INE742R01013,false
INE743C01021,false
INE743D01011,false
INE743M01012,false
INE744C01029,false
INE744D01019,false
INE745A01012,false
INE745B01028,false
INE745G01035,true
INE745P01010,false
INE745R01016,false
INE746D01014,false
INE746V01016,false
INE747B01016,false
INE747K01017,false
INE747V01014,false
INE748A01016,false
INE748C01038,false
INE748T01016,false
INE748Z01013,false
INE749A01030,true
INE749B01020,false
INE750A01020,false
INE750B01010,false
INE750C01026,false
INE750D01016,false
INE750G01019,false
INE750L01019,false
INE750M01017,false
INE750R01016,false
INE751B01018,false
INE751D01014,false
INE751R01014,false
INE752B01024,false
INE752E01010,true
INE752G01015,false
INE752H01013,false
INE752P01024,true
INE753B01014,false
INE753D01010,false
INE753K01015,true
INE753W01010,false
INE754A01055,false
INE754B01012,false
INE754C01010,false
INE754D01018,false
INE754X01016,false
INE755D01015,false
INE755J01012,false
INE755Q01025,false
INE756A01019,false
INE756C01015,false
INE756R01013,false
INE757A01017,true
INE757B01015,true
INE757C01021,false
INE757T01017,false
INE758B01013,false
INE758C01029,true
INE758D01027,false
INE758T01015,false
INE758W01019,false
INE759A01021,true
INE759C01019,false
INE759D01017,false
INE759F01012,false
INE759I01016,false
INE759V01019,false
INE760A01029,true
INE760B01019,false
INE760F01028,false
INE760J01012,false
INE760L01018,false
INE760W01015,false
INE760Y01011,false
INE761D01021,false
INE761G01016,false
INE761H01022,true
INE761Q01015,false
INE761R01013,false
INE761Y01019,false
INE762C01021,false
INE762D01011,false
INE763B01013,false
INE763D01019,false
INE763G01038,true
INE763I01026,false
INE763M01028,false
INE764B01029,false
INE764D01017,false
INE764L01010,true
INE765B01018,false
INE765D01014,false
INE765G01017,true
INE765L01017,false
INE766A01018,false
INE766D01020,false
INE766P01016,true
INE767A01016,true
INE767B01022,false
INE767C01012,false
INE767M01011,false
INE768C01010,true
INE768E01024,false
INE769A01020,true
INE769D01016,false
INE770A01010,false
INE771A01026,false
INE771C01014,false
INE771F01025,false
INE771Z01015,false
INE772B01014,false
INE773D01018,false
INE773I01017,false
INE773T01014,false
INE773Y01014,false
INE774D01024,true
INE775A01035,true
INE776C01039,true
INE776I01010,false
INE776O01018,false
INE777A01023,false
INE777C01011,false
INE777G01012,false
INE777O01016,false
INE777X01017,false
INE778A01021,false
INE778B01029,false
INE778E01031,false
INE778K01012,false
INE778N01016,false
INE778U01029,false
INE779Q01017,false
INE780C01023,true
INE780Q01015,false
INE781A01025,false
INE781B01015,false
INE782A01015,false
INE782D01027,false
INE782E01017,false
INE782L01012,false
INE782X01017,false
INE783A01013,false
INE783E01015,false
INE783X01023,false
INE784M01016,false
INE784R01015,false
INE784W01015,false
INE785A01026,false
INE785D01012,false
INE785M01013,true
INE785O01019,false
INE786A01032,true
INE786E01018,false
INE786F01031,false
INE786J01025,false
INE786K01023,false
INE786W01010,false
INE787D01026,true
INE788B01028,false
INE788D01016,false
INE788H01017,false
INE788J01021,false
INE788M01017,false
INE789B01018,false
INE789E01012,false
INE789R01014,false
INE790B01024,false
INE790C01014,false
INE790D01020,false
INE790G01031,true
INE790Z23019,false
INE791A01024,false
INE791B01014,false
INE791C01012,false
INE791E01018,false
INE791H01011,false
INE791I01019,true
INE792B01012,false
INE792G01011,false
INE792H01019,false
INE792I01017,false
INE792J01015,false
INE792P01012,false
INE792Z01011,false
INE793A01012,false
INE793G01035,false
INE793H01017,false
INE793Z01027,false
INE794A01010,true
INE794B01026,false
INE795A01017,false
INE795D01011,false
INE795E01019,false
INE795G01014,true
INE796B01013,false
INE796C01011,false
INE796G01012,false
INE796W01019,false
INE797C01019,false
INE797D01017,false
INE797F01012,true
INE797H01018,false
INE797Z01010,false
INE798D01015,false
INE798F01010,false
INE798K01010,false
INE799B01017,false
INE799C01023,false
INE799E01011,false
INE799N01012,false
INE800A01015,false
INE800H01010,true
INE800K01014,false
INE800S01017,false
INE800W01019,false
INE801L01010,false
INE801V01019,false
INE802A01037,false
INE802B01019,false
INE802C01025,false
INE802D01023,false
INE802G01018,true
INE803B01017,false
INE803D01021,false
INE803H01014,false
INE803L01016,false
INE804A01025,false
INE804B01023,false
INE804H01012,false
INE804L01022,false
INE805A01014,false
INE805C01028,false
INE805D01034,true
INE805Q01010,false
INE806A01020,true
INE806C01018,false
INE806D01016,false
INE806J01013,false
INE806T01012,false
INE807A01010,false
INE807D01030,false
INE807F01027,false
INE807H01023,false
INE807K01035,false
INE807M01023,false
INE807O01011,false
INE808A01018,false
INE808B01016,false
INE808C01014,false
INE808R01012,false
INE808W01012,false
INE809A01024,false
INE809B01014,false
INE809E01018,false
INE809F01015,false
INE809I01019,true
INE809Q01012,false
INE810C01044,false
INE810G01011,false
INE810M01019,false
INE811A01020,false
INE811B01010,false
INE811H01017,false
INE811K01011,true
INE812B01026,false
INE812G01025,false
INE812K01027,false
INE812Q01016,false
INE813A01018,true
INE813B01016,false
INE813G01015,false
INE813H01021,true
INE813V01022,false
INE814D01010,false
INE814H01011,true
INE814L01013,false
INE816B01027,false
INE817A01019,true
INE817B01025,false
INE817H01014,false
INE818A01017,false
INE818B01023,false
INE818D01011,false
INE818H01020,false
INE818R01011,false
INE819A01031,false
INE819C01011,false
INE819G01012,false
INE819K01014,false
INE819L01012,false
INE819S01025,false
INE819Y01015,false
INE820D01025,false
INE820M01018,false
INE820R01017,false
INE820Y01013,false
INE821D01031,false
INE821I01014,true
INE821R01015,false
INE821Y01011,false
INE822B01017,false
INE822C01015,true
INE822D01021,false
INE822E01011,false
INE822G01016,false
INE822Q01015,false
INE823A01017,false
INE823B01015,false
INE823D01011,false
INE823G01014,false
INE824G01012,true
INE824Q01011,false
INE825A01020,false
INE825C01018,false
INE825D01016,false
INE825M01017,false
INE825V01034,false
INE826B01018,false
INE826C01016,false
INE826P01018,false
INE828A01016,false
INE828G01013,false
INE828O01033,false
INE829A01014,false
INE829P01020,false
INE829R01018,false
INE829S01016,false
INE830A01012,false
INE830C01026,false
INE830D01016,false
INE830Q01018,false
INE830S01014,false
INE831A01028,true
INE831C01016,false
INE831Q01016,false
INE832A01018,false
INE832C01014,false
INE832D01020,false
INE833A01016,false
INE833C01012,false
INE834B01012,false
INE834D01018,false
INE834E01016,false
INE834I01025,true
INE834M01019,false
INE835A01011,false
INE835B01035,false
INE835D01023,false
INE835G01018,false
INE835U01019,false
INE836A01035,false
INE836B01017,true
INE836C01015,false
INE836F01026,true
INE836H01014,false
INE837B01031,false
INE837C01013,false
INE837E01019,false
INE837H01020,true
INE837X01027,false
INE838B01013,false
INE838C01011,false
INE838E01017,false
INE838Z01012,false
INE839E01023,false
INE839G01010,false
INE839M01018,true
INE840D01015,false
INE840M01016,false
INE840Y01029,false
INE841B01017,false
INE841D01013,false
INE841Y01019,false
INE842B01015,false
INE842C01021,true
INE842D01011,false
INE843B01013,false
INE843D01027,false
INE843F01014,false
INE843L01012,false
INE844A01013,false
INE844C01027,false
INE844D01017,false
INE844K01012,true
INE844O01030,true
INE845A01010,false
INE845B01018,false
INE845C01016,false
INE845D01014,false
INE846D01012,false
INE847C01020,false
INE847D01010,false
INE848A01014,false
INE848B01012,false
INE848D01018,false
INE848E01016,true
INE848N01017,false
INE848R01018,false
INE849A01020,true
INE849B01010,false
INE849C01026,false
INE849L01019,false
INE849M01017,false
INE850B01026,false
INE850D01014,true
INE850E01012,false
INE850R01014,false
INE852O01025,false
INE853A01022,false
INE854B01010,false
INE854D01024,true
INE854P01028,false
INE854S01022,false
INE855A01019,false
INE855B01025,false
INE855C01015,false
INE855F01034,false
INE855P01033,false
INE856A01017,false
INE856B01023,false
INE856D01011,false
INE858B01029,false
INE858C01027,false
INE858D01017,false
INE858F01012,false
INE858L01010,false
INE858Q01019,false
INE859A01011,false
INE859Q01017,false
INE860A01027,true
INE860D01013,false
INE860E01011,false
INE860N01012,false
INE860T01019,false
INE860Y01019,false
INE861A01058,false
INE861B01023,false
INE861D01011,false
INE861H01020,false
INE861N01036,false
INE862B01013,false
INE862C01029,false
INE862Y01015,false
INE863B01011,false
INE863C01019,false
INE863I01016,true
INE863T01013,false
INE864B01027,false
INE864D01015,false
INE864E01021,false
INE864I01014,false
INE864J01012,false
INE864K01010,false
INE864T01011,false
INE864X01013,false
INE865B01016,false
INE865C01022,true
INE865D01012,false
INE865P01016,false
INE865T01018,false
INE866A01016,false
INE866D01010,false
INE866E01026,false
INE866G01013,false
INE866K01015,false
INE866R01028,false
INE867A01022,false
INE867C01010,false
INE867D01018,false
INE868B01028,true
INE868C01018,false
INE868G01019,false
INE868X01014,false
INE869A01010,false
INE869I01013,true
INE869Y01010,false
INE870B01016,false
INE870D01012,true
INE870H01013,true
INE870J01019,false
INE870V01014,false
INE870Z01015,false
INE871C01038,true
INE871E01018,false
INE871H01011,true
INE871K01015,false
INE871L01013,true
INE871Z01013,false
INE872A01014,true
INE872E01016,false
INE872H01027,false
INE872J01023,false
INE873D01024,true
INE873S01022,false
INE874A01010,false
INE874E01012,false
INE874F01027,false
INE874H01015,false
INE874I01013,true
INE875B01015,false
INE875G01030,true
INE875R01011,false
INE876A01015,false
INE876E01033,false
INE876N01018,true
INE876S01017,false
INE877A01013,false
INE877E01015,false
INE877F01012,true
INE877I01016,false
INE878A01011,true
INE878B01027,true
INE878E01021,false
INE878H01024,false
INE878I01022,false
INE878K01010,false
INE878P01019,false
INE879A01019,false
INE879E01037,false
INE879I01012,true
INE879K01018,false
INE880B01015,false
INE880L01014,true
INE880P01015,false
INE881B01054,false
INE881D01027,true
INE881E01017,false
INE881P01013,false
INE882A01013,false
INE882B01029,false
INE882C01035,false
INE882D01017,false
INE883A01011,true
INE883B01019,false
INE883C01025,false
INE883D01015,false
INE883L01018,false
INE883N01014,true
INE884A01027,false
INE884B01025,false
INE884X01011,false
INE885A01032,true
INE885B01014,false
INE885E01034,false
INE885F01015,false
INE885H01011,false
INE886A01014,false
INE886B01012,false
INE886D01018,false
INE886E01016,false
INE886H01027,true
INE887E01022,false
INE887G01027,true
INE888B01018,false
INE888C01040,false
INE889E01010,false
INE889F01017,false
INE890A01024,true
INE890B01014,false
INE890C01046,false
INE890G01013,false
INE890S01018,false
INE891B01012,false
INE891D01026,true
INE891G01011,false
INE891N01017,false
INE892C01018,false
INE892L01019,false
INE893A01036,false
INE893C01032,false
INE893I01013,true
INE893J01029,false
INE894A01026,false
INE894E01028,false
INE894J01019,false
INE895A01023,false
INE895B01021,false
INE895C01011,false
INE895E01017,false
INE895W01019,false
INE896D01017,false
INE896E01023,false
INE896J01014,false
INE896L01010,true
INE897A01011,false
INE897B01019,false
INE897D01015,false
INE897N01014,false
INE898E01011,false
INE898Q01015,false
INE898S01029,true
INE899B01015,false
INE899D01011,false
INE899E01019,false
INE899L01022,true
INE899M01012,false
INE900A01013,false
INE900B01029,false
INE900C01027,false
INE900E01015,false
INE900L01010,false
INE900O01014,false
INE901A01011,false
INE901C01017,false
INE901L01018,true
INE902B01017,false
INE902C01015,false
INE902D01013,false
INE902G01016,false
INE902L01016,false
INE903A01025,false
INE903D01011,false
INE904D01019,false
INE904J01016,false
INE904R01027,false
INE905B01010,false
INE905P01028,false
INE905R01016,false
INE906C01016,false
INE906D01014,false
INE906K01027,false
INE906L01025,false
INE906O01011,false
INE906Y01010,false
INE907A01026,false
INE908C01012,false
INE908D01010,true
INE908V01012,false
INE909B01020,false
INE909C01010,false
INE909D01026,false
INE909P01012,false
INE910A01012,false
INE910B01028,false
INE910C01018,false
INE910G01027,false
INE910R01016,false
INE911B01018,false
INE911T01010,false
INE911Z01017,false
INE912B01032,false
INE912H01013,false
INE912L01015,false
INE912T01018,false
INE913H01037,true
INE914B01012,false
INE914E01040,false
INE914G01029,false
INE914M01019,true
INE915B01019,false
INE915E01013,false
INE915K01010,false
INE916G01016,false
INE916P01025,false
INE916U01025,true
INE917B01023,false
INE917H01012,false
INE917I01010,true
INE917M01012,true
INE918C01029,false
INE918I01018,true
INE918N01018,false
INE919B01011,false
INE919C01019,false
INE919H01018,false
INE919I01024,false
INE919P01029,false
INE919T01013,false
INE920B01019,false
INE920C01017,false
INE920P01019,false
INE920T01011,false
INE921B01025,false
INE921D01013,false
INE922A01025,true
INE922B01023,false
INE923A01015,false
INE923C01011,false
INE923K01014,false
INE923R01019,false
INE923Y01015,false
INE924A01013,false
INE924B01011,false
INE924D01017,false
INE924H01018,false
INE924N01016,false
INE925C01016,false
INE925D01014,false
INE925Q01024,false
INE925R01014,false
INE925Y01036,false
INE926B01016,false
INE926C01014,false
INE926E01010,false
INE926K01017,false
INE926R01012,false
INE926X01010,false
INE927A01040,false
INE927C01020,false
INE927D01044,false
INE927K01023,false
INE927X01018,false
INE928C01010,false
INE928H01019,false
INE929C01018,false
INE929D01016,false
INE929K01011,false
INE930A01010,false
INE930H01031,false
INE930P01018,false
INE931B01016,false
INE931D01020,false
INE931S01010,true
INE931X01010,false
INE932A01024,true
INE932C01012,false
INE932D01010,false
INE932F01015,false
INE932K01015,false
INE932M01011,false
INE932X01018,false
INE933A01014,false
INE933B01012,false
INE933K01021,true
INE933S01016,false
INE933X01016,false
INE934B01028,true
INE934C01018,false
INE934S01014,false
INE935A01035,true
INE935B01025,false
INE935D01013,false
INE935N01020,false
INE935Q01015,false
INE936A01025,false
INE936B01015,false
INE937A01023,false
INE937C01029,false
INE937K01014,false
INE938A01021,false
INE938C01019,false
INE939A01011,true
INE940C01015,false
INE940E01011,false
INE940H01014,false
INE940N01012,false
INE942C01029,false
INE942G01012,false
INE942P01013,false
INE943D01017,false
INE943X01015,false
INE944A01011,false
INE944C01017,false
INE944F01028,false
INE945A01026,false
INE945B01016,false
INE945F01025,false
INE945H01013,false
INE945J01027,false
INE945O01019,false
INE945P01024,false
INE946H01037,false
INE946K01023,false
INE947A01014,false
INE947C01010,false
INE947G01011,false
INE947I01017,false
INE947J01015,true
INE947Q01028,false
INE948A01012,false
INE948C01026,false
INE948G01019,false
INE948K01011,false
INE948Q01018,false
INE949B01018,false
INE949C01016,false
INE949H01023,false
INE949L01017,true
INE949P01018,false
INE950C01014,false
INE950D01012,false
INE950I01011,false
INE950M01013,false
INE951B01014,false
INE951C01012,false
INE951D01028,false
INE951I01027,true
INE951M01037,false
INE951Z01013,false
INE952A01022,false
INE952C01028,false
INE952H01027,false
INE952M01019,false
INE953B01010,false
INE953D01016,false
INE953E01014,false
INE953O01021,false
INE953W01016,false
INE954B01018,false
INE954E01012,false
INE954M01031,false
INE955D01029,true
INE955I01044,false
INE955V01021,false
INE956B01013,false
INE956G01038,false
INE957C01019,false
INE957E01031,false
INE957U01011,false
INE957W01025,false
INE958C01017,false
INE959A01019,true
INE959B01017,false
INE959C01023,false
INE959D01013,false
INE959E01011,false
INE960A01017,false
INE960B01015,false
INE960C01013,false
INE960E01019,false
INE960H01012,false
INE960Z01014,false
INE961B01013,false
INE961D01019,false
INE962B01011,false
INE962C01027,false
INE962E01015,false
INE962O01014,false
INE962Y01021,false
INE963A01011,false
INE963B01019,false
INE963C01033,false
INE964H01014,true
INE964R01013,false
INE965C01038,false
INE965H01011,true
INE965V01012,false
INE966A01022,false
INE966C01010,false
INE966H01019,true
INE966Q01010,false
INE967A01012,false
INE967B01028,false
INE967C01018,false
INE967G01019,false
INE967H01017,false
INE967S01014,false
INE968D01022,false
INE968E01012,false
INE969C01022,false
INE969D01012,false
INE969E01010,false
INE970C01012,false
INE970D01010,false
INE970N01027,false
INE970X01018,true
INE971A01014,false
INE971L01029,false
INE972C01018,false
INE972E01014,false
INE972X01014,false
INE973A01010,false
INE973B01026,false
INE973X01012,false
INE974B01016,false
INE974C01022,false
INE974F01017,false
INE974X01010,true
INE974Z01015,false
INE975C01011,false
INE975G01012,true
INE976A01021,false
INE976E01023,false
INE976G01028,true
INE976H01018,false
INE976R01017,false
INE976T01013,false
INE977E01013,false
INE977F01010,false
INE977M01024,false
INE977Y01011,false
INE978A01027,true
INE978G01016,false
INE978L01016,false
INE978V01015,false
INE979A01017,true
INE979B01015,false
INE979D01011,false
INE979R01011,false
INE980A01023,false
INE980D01019,false
INE980Y01015,false
INE981B01011,false
INE981C01019,false
INE981D01025,false
INE982B01019,true
INE982C01033,false
INE982F01036,true
INE982J01020,false
INE982Q01017,false
INE982V01017,false
INE983C01015,false
INE984B01023,false
INE984E01027,false
INE985A01022,false
INE985Q01010,false
INE985S01024,true
INE985W01018,false
INE986A01012,false
INE986B01036,false
INE986W01016,false
INE987A01010,false
INE987B01026,true
INE987M01023,false
INE988C01014,false
INE988D01012,false
INE988E01036,true
INE988K01017,true
INE989A01024,false
INE989C01012,false
INE989D01010,false
INE989E01018,false
INE989J01017,false
INE989S01034,false
INE990S01016,false
INE991A01020,false
INE991B01010,false
INE991I01015,false
INE992I01013,false
INE993A01026,false
INE993I01011,false
INE993L01015,false
INE994B01014,false
INE994D01010,false
INE994E01018,false
INE994N01019,false
INE994R01010,false
INE995A01013,false
INE995D01025,false
INE995U01011,false
INE997C01015,false
INE997I01012,false
INE997Y01019,false
INE998D01011,false
INE998H01012,false
INE998I01010,true
INE999A01015,true
INE999B01013,false
INE999K01014,false
INF082J01028,false
INF082J01408,false
INF109K012R6,false
INF109KA1962,false
INF109KB10T8,false
INF109KB15Y7,false
INF109KB1WY5,false
INF109KB1XT3,false
INF109KC14A8,false
INF109KC1E27,false
INF109KC1E35,false
INF109KC1G82,false
INF109KC1KT9,false
INF109KC1N59,false
INF109KC1N67,false
INF109KC1NS5,false
INF109KC1NT3,false
INF109KC1Q72,false
INF109KC1R48,false
INF109KC1V42,false
INF109KC1V59,false
INF109KC1Y49,false
INF109KC1Y56,false
INF174K014P6,false
INF174K01F59,false
INF174K01Z71,false
INF174KA1GC5,false
INF174KA1GD3,false
INF174KA1GE1,false
INF174KA1GF8,false
INF174KA1GG6,false
INF174KA1HJ8,false
INF174KA1IA5,false
INF174KA1IB3,false
INF174KA1IY5,false
INF179KB1KP3,false
INF179KB1KQ1,false
INF179KC1965,false
INF179KC1973,false
INF179KC1981,false
INF179KC1AN8,false
INF194KA1T91,false
INF194KA1U07,false
INF200K01VT2,false
INF200KA1572,false
INF200KA1580,false
INF200KA1598,false
INF200KA16D8,false
INF200KA1FS1,false
INF200KA1JT1,false
INF200KA1S14,false
INF200KA1S22,false
INF200KA1VQ2,false
INF200KA1WX6,false
INF200KA1X17,false
INF204K014N5,false
INF204KA1EU6,false
INF204KA1LD7,false
INF204KA1MS3,false
INF204KA1RV6,false
INF204KA1RW4,false
INF204KA1RX2,false
INF204KA1RY0,false
INF204KA1ST8,false
INF204KA1SU6,false
INF204KA1SV4,false
INF204KA1SW2,false
INF204KA1UN7,false
INF204KB10E9,false
INF204KB10F6,false
INF204KB10G4,false
INF204KB10S9,false
INF204KB10T7,false
INF204KB10U5,false
INF204KB10Y7,false
INF204KB11E7,false
INF204KB11F4,false
INF204KB11G2,false
INF204KB11S7,false
INF204KB11T5,false
INF204KB11U3,false
INF204KB11Y5,false
INF204KB12E5,false
INF204KB12F2,false
INF204KB12G0,false
INF204KB12S5,false
INF204KB12T3,false
INF204KB12U1,false
INF204KB12Y3,false
INF204KB13E3,false
INF204KB13F0,false
INF204KB13G8,false
INF204KB13S3,false
INF204KB13T1,false
INF204KB13U9,false
INF204KB14E1,false
INF204KB14F8,false
INF204KB14G6,false
INF204KB14I2,false
INF204KB14S1,false
INF204KB14T9,false
INF204KB14U7,false
INF204KB15D0,false
INF204KB15E8,false
INF204KB15F5,false
INF204KB15G3,false
INF204KB15I9,false
INF204KB15S8,false
INF204KB15T6,false
INF204KB15U4,false
INF204KB15V2,false
INF204KB16E6,false
INF204KB16F3,false
INF204KB16G1,false
INF204KB16I7,false
INF204KB16S6,false
INF204KB16T4,false
INF204KB16U2,false
INF204KB17E4,false
INF204KB17F1,false
INF204KB17G9,false
INF204KB17I5,false
INF204KB17R6,false
INF204KB17S4,false
INF204KB17T2,false
INF204KB1882,false
INF204KB18E2,false
INF204KB18F9,false
INF204KB18G7,false
INF204KB18I3,false
INF204KB18R4,false
INF204KB18S2,false
INF204KB18T0,false
INF204KB18W4,false
INF204KB19E0,false
INF204KB19F7,false
INF204KB19G5,false
INF204KB19I1,false
INF204KB19R2,false
INF204KB19S0,false
INF204KB19T8,false
INF204KB19X0,false
INF204KB1V68,false
INF204KC1022,false
INF204KC1030,false
INF204KC1089,false
INF204KC1337,false
INF204KC1402,false
INF205K01361,false
INF205K01DA9,false
INF209KB10C2,false
INF209KB10E8,false
INF209KB11D8,false
INF209KB16D7,false
INF209KB17D5,false
INF209KB18D3,false
INF209KB19D1,false
INF209KB19F6,false
INF247L01023,false
INF247L01536,false
INF247L01AK4,false
INF247L01AP3,false
INF247L01AU3,false
INF247L01AX7,false
INF247L01BA3,false
INF277K010X4,false
INF277K015R5,false
INF277KA1364,false
INF346A01034,false
INF373I01023,false
INF373I01031,false
INF397L01554,false
INF457M01133,false
INF666M01FS5,false
INF732E01011,false
INF732E01037,false
INF732E01045,false
INF732E01078,false
INF732E01102,false
INF732E01110,false
INF732E01128,false
INF732E01227,false
INF732E01268,false
INF733I01010,false
INF733I01028,false
INF740KA1CL0,false
INF740KA1EU7,false
INF740KA1QK2,false
INF740KA1QL0,false
INF754K01EL1,false
INF754K01KN4,false
INF754K01KO2,false
INF754K01LD3,false
INF754K01LE1,false
INF754K01OB1,false
INF767K01MV5,false
INF767K01OS7,false
INF767K01OT5,false
INF767K01PC8,false
INF769K01EG9,false
INF769K01FN2,false
INF769K01GS9,false
INF769K01HF4,false
INF769K01HI8,false
INF769K01HP3,false
INF769K01HS7,false
INF769K01IB1,false
INF769K01IC9,false
INF789F1AUU3,false
INF789F1AUV1,false
INF789F1AUW9,false
INF789F1AUX7,false
INF789FB1X41,false
INF789FB1X58,false
INF846K016C7,false
INF846K01B69,false
INF846K01B77,false
INF846K01B85,false
INF846K01B93,false
INF846K01K68,false
INF846K01K76,false
INF846K01K84,false
INF846K01K92,false
INF846K01W80,false
INF846K01W98,false
INF846K01X63,false
INF846K01Y96,false
INF846K01Z04,false
INF846K01Z12,false
